query_sample	query_sample_basename	genotyped_sample	rank	discordance	discordance_per_site	avg_neg_log_hwe	sites_compared	matching_genotypes	match_fraction	source_file
04b_bams-asm20/Benning-asm20.sorted.bam	Benning-asm20.sorted.bam	PI644044	1	7072.669	0.4840978097193703	1.353575	14610	14495	0.9921286789869952	vcf-50k-asm20-Xcss/Wm82a6_hifi-Benning-asm20-asm20-Xcss.gtcheck.tsv
04b_bams-asm20/Benning-asm20.sorted.bam	Benning-asm20.sorted.bam	PI644046	2	7141.976	0.4888416153319644	1.35322	14610	14488	0.9916495550992471	vcf-50k-asm20-Xcss/Wm82a6_hifi-Benning-asm20-asm20-Xcss.gtcheck.tsv
04b_bams-asm20/Benning-asm20.sorted.bam	Benning-asm20.sorted.bam	PI595645	3	7270.691	0.4976516769336071	1.353636	14610	14475	0.9907597535934292	vcf-50k-asm20-Xcss/Wm82a6_hifi-Benning-asm20-asm20-Xcss.gtcheck.tsv
04b_bams-asm20/Benning-asm20.sorted.bam	Benning-asm20.sorted.bam	PI644045	4	7904.362	0.5410240930869268	1.353836	14610	14411	0.9863791923340178	vcf-50k-asm20-Xcss/Wm82a6_hifi-Benning-asm20-asm20-Xcss.gtcheck.tsv
04b_bams-asm20/Benning-asm20.sorted.bam	Benning-asm20.sorted.bam	PI647084	5	9505.285	0.6522531393673231	1.341995	14573	14128	0.9694640774034172	vcf-50k-asm20-Xcss/Wm82a6_hifi-Benning-asm20-asm20-Xcss.gtcheck.tsv
04b_bams-asm20/Benning-asm20.sorted.bam	Benning-asm20.sorted.bam	PI644043	6	9805.377	0.6711414784394251	1.341076	14610	14219	0.9732375085557837	vcf-50k-asm20-Xcss/Wm82a6_hifi-Benning-asm20-asm20-Xcss.gtcheck.tsv
04b_bams-asm20/Benning-asm20.sorted.bam	Benning-asm20.sorted.bam	PI647083	7	12196.07	0.8361490470313999	1.335185	14586	13920	0.9543397778691897	vcf-50k-asm20-Xcss/Wm82a6_hifi-Benning-asm20-asm20-Xcss.gtcheck.tsv
04b_bams-asm20/Benning-asm20.sorted.bam	Benning-asm20.sorted.bam	PI644042	8	12508.38	0.8561519507186858	1.330835	14610	13946	0.9545516769336071	vcf-50k-asm20-Xcss/Wm82a6_hifi-Benning-asm20-asm20-Xcss.gtcheck.tsv
04b_bams-asm20/Benning-asm20.sorted.bam	Benning-asm20.sorted.bam	PI647082	9	13518.3	0.9252772073921971	1.338114	14610	13844	0.9475701574264203	vcf-50k-asm20-Xcss/Wm82a6_hifi-Benning-asm20-asm20-Xcss.gtcheck.tsv
04b_bams-asm20/Benning-asm20.sorted.bam	Benning-asm20.sorted.bam	PI647081	10	16337.27	1.1200651309474838	1.315701	14586	13485	0.9245166598107775	vcf-50k-asm20-Xcss/Wm82a6_hifi-Benning-asm20-asm20-Xcss.gtcheck.tsv
04b_bams-asm20/Clark-asm20.sorted.bam	Clark-asm20.sorted.bam	PI547402	1	2136.965	0.4270513589128697	1.25943	5004	4993	0.9978017585931255	vcf-50k-asm20-Xcss/Wm82a6_hifi-Clark-asm20-asm20-Xcss.gtcheck.tsv
04b_bams-asm20/Clark-asm20.sorted.bam	Clark-asm20.sorted.bam	PI547581	2	2136.965	0.4270513589128697	1.25943	5004	4993	0.9978017585931255	vcf-50k-asm20-Xcss/Wm82a6_hifi-Clark-asm20-asm20-Xcss.gtcheck.tsv
04b_bams-asm20/Clark-asm20.sorted.bam	Clark-asm20.sorted.bam	PI591490	3	2136.965	0.4270513589128697	1.25943	5004	4993	0.9978017585931255	vcf-50k-asm20-Xcss/Wm82a6_hifi-Clark-asm20-asm20-Xcss.gtcheck.tsv
04b_bams-asm20/Clark-asm20.sorted.bam	Clark-asm20.sorted.bam	PI547465	4	2136.965	0.4270513589128697	1.25943	5004	4993	0.9978017585931255	vcf-50k-asm20-Xcss/Wm82a6_hifi-Clark-asm20-asm20-Xcss.gtcheck.tsv
04b_bams-asm20/Clark-asm20.sorted.bam	Clark-asm20.sorted.bam	PI547455	5	2136.965	0.4270513589128697	1.25943	5004	4993	0.9978017585931255	vcf-50k-asm20-Xcss/Wm82a6_hifi-Clark-asm20-asm20-Xcss.gtcheck.tsv
04b_bams-asm20/Clark-asm20.sorted.bam	Clark-asm20.sorted.bam	PI547555	6	2136.965	0.4270513589128697	1.25943	5004	4993	0.9978017585931255	vcf-50k-asm20-Xcss/Wm82a6_hifi-Clark-asm20-asm20-Xcss.gtcheck.tsv
04b_bams-asm20/Clark-asm20.sorted.bam	Clark-asm20.sorted.bam	PI547423	7	2136.965	0.4270513589128697	1.25943	5004	4993	0.9978017585931255	vcf-50k-asm20-Xcss/Wm82a6_hifi-Clark-asm20-asm20-Xcss.gtcheck.tsv
04b_bams-asm20/Clark-asm20.sorted.bam	Clark-asm20.sorted.bam	PI547428	8	2136.965	0.4270513589128697	1.25943	5004	4993	0.9978017585931255	vcf-50k-asm20-Xcss/Wm82a6_hifi-Clark-asm20-asm20-Xcss.gtcheck.tsv
04b_bams-asm20/Clark-asm20.sorted.bam	Clark-asm20.sorted.bam	PI547419	9	2136.965	0.4270513589128697	1.25943	5004	4993	0.9978017585931255	vcf-50k-asm20-Xcss/Wm82a6_hifi-Clark-asm20-asm20-Xcss.gtcheck.tsv
04b_bams-asm20/Clark-asm20.sorted.bam	Clark-asm20.sorted.bam	PI547435	10	2136.965	0.4270513589128697	1.25943	5004	4993	0.9978017585931255	vcf-50k-asm20-Xcss/Wm82a6_hifi-Clark-asm20-asm20-Xcss.gtcheck.tsv
04b_bams-asm20/Harosoy-asm20.sorted.bam	Harosoy-asm20.sorted.bam	PI548218	1	5856.014	0.4224813505519082	1.199732	13861	13838	0.9983406680614674	vcf-50k-asm20-Xcss/Wm82a6_hifi-Harosoy-asm20-asm20-Xcss.gtcheck.tsv
04b_bams-asm20/Harosoy-asm20.sorted.bam	Harosoy-asm20.sorted.bam	PI548575	2	5856.014	0.4224813505519082	1.199673	13861	13838	0.9983406680614674	vcf-50k-asm20-Xcss/Wm82a6_hifi-Harosoy-asm20-asm20-Xcss.gtcheck.tsv
04b_bams-asm20/Harosoy-asm20.sorted.bam	Harosoy-asm20.sorted.bam	PI547741	3	6172.849	0.4453393694538634	1.19935	13861	13806	0.9960320323209003	vcf-50k-asm20-Xcss/Wm82a6_hifi-Harosoy-asm20-asm20-Xcss.gtcheck.tsv
04b_bams-asm20/Harosoy-asm20.sorted.bam	Harosoy-asm20.sorted.bam	PI548230	4	6222.355	0.44891097323425433	1.198567	13861	13801	0.9956713079864368	vcf-50k-asm20-Xcss/Wm82a6_hifi-Harosoy-asm20-asm20-Xcss.gtcheck.tsv
04b_bams-asm20/Harosoy-asm20.sorted.bam	Harosoy-asm20.sorted.bam	PI547678	5	6380.773	0.4603400187576654	1.197776	13861	13785	0.9945169901161532	vcf-50k-asm20-Xcss/Wm82a6_hifi-Harosoy-asm20-asm20-Xcss.gtcheck.tsv
04b_bams-asm20/Harosoy-asm20.sorted.bam	Harosoy-asm20.sorted.bam	PI547760	6	6390.674	0.46105432508477023	1.199058	13861	13784	0.9944448452492605	vcf-50k-asm20-Xcss/Wm82a6_hifi-Harosoy-asm20-asm20-Xcss.gtcheck.tsv
04b_bams-asm20/Harosoy-asm20.sorted.bam	Harosoy-asm20.sorted.bam	PI547708	7	6450.081	0.4653402351922661	1.198689	13861	13778	0.9940119760479041	vcf-50k-asm20-Xcss/Wm82a6_hifi-Harosoy-asm20-asm20-Xcss.gtcheck.tsv
04b_bams-asm20/Harosoy-asm20.sorted.bam	Harosoy-asm20.sorted.bam	PI547718	8	6479.784	0.46748315417358055	1.200948	13861	13775	0.993795541447226	vcf-50k-asm20-Xcss/Wm82a6_hifi-Harosoy-asm20-asm20-Xcss.gtcheck.tsv
04b_bams-asm20/Harosoy-asm20.sorted.bam	Harosoy-asm20.sorted.bam	PI547713	9	6519.389	0.4703404516268668	1.198035	13861	13771	0.9935069619796552	vcf-50k-asm20-Xcss/Wm82a6_hifi-Harosoy-asm20-asm20-Xcss.gtcheck.tsv
04b_bams-asm20/Harosoy-asm20.sorted.bam	Harosoy-asm20.sorted.bam	PI547735	10	6529.29	0.47105475795397156	1.198287	13861	13770	0.9934348171127624	vcf-50k-asm20-Xcss/Wm82a6_hifi-Harosoy-asm20-asm20-Xcss.gtcheck.tsv
04b_bams-asm20/Jackv3-asm20.sorted.bam	Jackv3-asm20.sorted.bam	PI540556	1	13443.14	1.5091086663673101	1.433154	8908	7915	0.8885271665918276	vcf-50k-asm20-Xcss/Wm82a6_hifi-Jackv3-asm20-asm20-Xcss.gtcheck.tsv
04b_bams-asm20/Jackv3-asm20.sorted.bam	Jackv3-asm20.sorted.bam	PI548526	2	15601.58	1.751412213740458	1.334834	8908	7697	0.8640547822182308	vcf-50k-asm20-Xcss/Wm82a6_hifi-Jackv3-asm20-asm20-Xcss.gtcheck.tsv
04b_bams-asm20/Jackv3-asm20.sorted.bam	Jackv3-asm20.sorted.bam	PI634879	3	21809.58	2.448313875168388	1.265419	8908	7070	0.7936686124831612	vcf-50k-asm20-Xcss/Wm82a6_hifi-Jackv3-asm20-asm20-Xcss.gtcheck.tsv
04b_bams-asm20/Jackv3-asm20.sorted.bam	Jackv3-asm20.sorted.bam	IA1008	4	21853.45	2.482218309859155	1.323203	8804	6948	0.7891867333030441	vcf-50k-asm20-Xcss/Wm82a6_hifi-Jackv3-asm20-asm20-Xcss.gtcheck.tsv
04b_bams-asm20/Jackv3-asm20.sorted.bam	Jackv3-asm20.sorted.bam	PI634878	5	22265.03	2.4994420745397394	1.245142	8908	7024	0.7885047148630444	vcf-50k-asm20-Xcss/Wm82a6_hifi-Jackv3-asm20-asm20-Xcss.gtcheck.tsv
04b_bams-asm20/Jackv3-asm20.sorted.bam	Jackv3-asm20.sorted.bam	PI548540	6	22354.14	2.509445442299057	1.246346	8908	7015	0.7874943870678042	vcf-50k-asm20-Xcss/Wm82a6_hifi-Jackv3-asm20-asm20-Xcss.gtcheck.tsv
04b_bams-asm20/Jackv3-asm20.sorted.bam	Jackv3-asm20.sorted.bam	PI518669	7	22393.75	2.513892007184553	1.247224	8908	7011	0.7870453524921419	vcf-50k-asm20-Xcss/Wm82a6_hifi-Jackv3-asm20-asm20-Xcss.gtcheck.tsv
04b_bams-asm20/Jackv3-asm20.sorted.bam	Jackv3-asm20.sorted.bam	PI547829	8	22463.06	2.5216726537943424	1.266337	8908	7004	0.7862595419847328	vcf-50k-asm20-Xcss/Wm82a6_hifi-Jackv3-asm20-asm20-Xcss.gtcheck.tsv
04b_bams-asm20/Jackv3-asm20.sorted.bam	Jackv3-asm20.sorted.bam	PI547826	9	22552.17	2.5316760215536593	1.249773	8908	6995	0.7852492141894926	vcf-50k-asm20-Xcss/Wm82a6_hifi-Jackv3-asm20-asm20-Xcss.gtcheck.tsv
04b_bams-asm20/Jackv3-asm20.sorted.bam	Jackv3-asm20.sorted.bam	PI547823	10	22710.58	2.549458913336327	1.249424	8908	6979	0.7834530758868433	vcf-50k-asm20-Xcss/Wm82a6_hifi-Jackv3-asm20-asm20-Xcss.gtcheck.tsv
04b_bams-asm20/Kingawa-asm20.sorted.bam	Kingawa-asm20.sorted.bam	PI548359	1	7441.524	0.42493855641845596	1.903766	17512	17478	0.9980584741891274	vcf-50k-asm20-Xcss/Wm82a6_hifi-Kingawa-asm20-asm20-Xcss.gtcheck.tsv
04b_bams-asm20/Kingawa-asm20.sorted.bam	Kingawa-asm20.sorted.bam	King	2	7500.931	0.4283309159433531	1.903701	17512	17472	0.9977158519872088	vcf-50k-asm20-Xcss/Wm82a6_hifi-Kingawa-asm20-asm20-Xcss.gtcheck.tsv
04b_bams-asm20/Kingawa-asm20.sorted.bam	Kingawa-asm20.sorted.bam	FC31630	3	9807.891	0.5600668684330744	1.888449	17512	17239	0.9844106898126999	vcf-50k-asm20-Xcss/Wm82a6_hifi-Kingawa-asm20-asm20-Xcss.gtcheck.tsv
04b_bams-asm20/Kingawa-asm20.sorted.bam	Kingawa-asm20.sorted.bam	PI548431	4	18570.38	1.0604374143444495	1.858805	17512	16354	0.933873915029694	vcf-50k-asm20-Xcss/Wm82a6_hifi-Kingawa-asm20-asm20-Xcss.gtcheck.tsv
04b_bams-asm20/Kingawa-asm20.sorted.bam	Kingawa-asm20.sorted.bam	PI438503C	5	23837.77	1.3612248743718594	1.86235	17512	15822	0.9034947464595706	vcf-50k-asm20-Xcss/Wm82a6_hifi-Kingawa-asm20-asm20-Xcss.gtcheck.tsv
04b_bams-asm20/Kingawa-asm20.sorted.bam	Kingawa-asm20.sorted.bam	PI639579B	6	24120.92	1.400018573335655	1.845055	17229	15336	0.890127111265889	vcf-50k-asm20-Xcss/Wm82a6_hifi-Kingawa-asm20-asm20-Xcss.gtcheck.tsv
04b_bams-asm20/Kingawa-asm20.sorted.bam	Kingawa-asm20.sorted.bam	PI438490A	7	30857.66	1.7620865692096848	1.857972	17512	15113	0.8630082229328461	vcf-50k-asm20-Xcss/Wm82a6_hifi-Kingawa-asm20-asm20-Xcss.gtcheck.tsv
04b_bams-asm20/Kingawa-asm20.sorted.bam	Kingawa-asm20.sorted.bam	PI548430	8	33589.91	1.9181081544084058	1.819633	17512	14837	0.8472476016445866	vcf-50k-asm20-Xcss/Wm82a6_hifi-Kingawa-asm20-asm20-Xcss.gtcheck.tsv
04b_bams-asm20/Kingawa-asm20.sorted.bam	Kingawa-asm20.sorted.bam	PI157435	9	34392.36	1.9639310187300136	1.849358	17512	14756	0.8426222019186843	vcf-50k-asm20-Xcss/Wm82a6_hifi-Kingawa-asm20-asm20-Xcss.gtcheck.tsv
04b_bams-asm20/Kingawa-asm20.sorted.bam	Kingawa-asm20.sorted.bam	PI464877	10	34689.4	1.9808931018730014	1.871502	17512	14726	0.8409090909090909	vcf-50k-asm20-Xcss/Wm82a6_hifi-Kingawa-asm20-asm20-Xcss.gtcheck.tsv
04b_bams-asm20/Minsoy-asm20.sorted.bam	Minsoy-asm20.sorted.bam	PI290150	1	7915.109	0.4270358241165363	1.716408	18535	18495	0.9978419206905854	vcf-50k-asm20-Xcss/Wm82a6_hifi-Minsoy-asm20-asm20-Xcss.gtcheck.tsv
04b_bams-asm20/Minsoy-asm20.sorted.bam	Minsoy-asm20.sorted.bam	PI437237	2	7925.01	0.42757000269759915	1.716272	18535	18494	0.99778796870785	vcf-50k-asm20-Xcss/Wm82a6_hifi-Minsoy-asm20-asm20-Xcss.gtcheck.tsv
04b_bams-asm20/Minsoy-asm20.sorted.bam	Minsoy-asm20.sorted.bam	PI161988	3	7925.01	0.42757000269759915	1.716272	18535	18494	0.99778796870785	vcf-50k-asm20-Xcss/Wm82a6_hifi-Minsoy-asm20-asm20-Xcss.gtcheck.tsv
04b_bams-asm20/Minsoy-asm20.sorted.bam	Minsoy-asm20.sorted.bam	PI347556	4	7934.911	0.428104181278662	1.716077	18535	18493	0.9977340167251146	vcf-50k-asm20-Xcss/Wm82a6_hifi-Minsoy-asm20-asm20-Xcss.gtcheck.tsv
04b_bams-asm20/Minsoy-asm20.sorted.bam	Minsoy-asm20.sorted.bam	PI424613	5	7944.812	0.4286383598597248	1.718026	18535	18492	0.9976800647423792	vcf-50k-asm20-Xcss/Wm82a6_hifi-Minsoy-asm20-asm20-Xcss.gtcheck.tsv
04b_bams-asm20/Minsoy-asm20.sorted.bam	Minsoy-asm20.sorted.bam	PI438368	6	7944.812	0.4286383598597248	1.715886	18535	18492	0.9976800647423792	vcf-50k-asm20-Xcss/Wm82a6_hifi-Minsoy-asm20-asm20-Xcss.gtcheck.tsv
04b_bams-asm20/Minsoy-asm20.sorted.bam	Minsoy-asm20.sorted.bam	PI153239	7	7954.713	0.4291725384407877	1.715927	18535	18491	0.997626112759644	vcf-50k-asm20-Xcss/Wm82a6_hifi-Minsoy-asm20-asm20-Xcss.gtcheck.tsv
04b_bams-asm20/Minsoy-asm20.sorted.bam	Minsoy-asm20.sorted.bam	PI518830	8	7954.713	0.4291725384407877	1.715756	18535	18491	0.997626112759644	vcf-50k-asm20-Xcss/Wm82a6_hifi-Minsoy-asm20-asm20-Xcss.gtcheck.tsv
04b_bams-asm20/Minsoy-asm20.sorted.bam	Minsoy-asm20.sorted.bam	PI378662	9	7964.614	0.42970671702185054	1.715836	18535	18490	0.9975721607769086	vcf-50k-asm20-Xcss/Wm82a6_hifi-Minsoy-asm20-asm20-Xcss.gtcheck.tsv
04b_bams-asm20/Minsoy-asm20.sorted.bam	Minsoy-asm20.sorted.bam	PI153305	10	7964.614	0.42970671702185054	1.715512	18535	18490	0.9975721607769086	vcf-50k-asm20-Xcss/Wm82a6_hifi-Minsoy-asm20-asm20-Xcss.gtcheck.tsv
04b_bams-asm20/MiyakoWhite-asm20.sorted.bam	MiyakoWhite-asm20.sorted.bam	PI374178	1	34180.45	2.1493083066088157	1.176397	15903	13102	0.8238697101175879	vcf-50k-asm20-Xcss/Wm82a6_hifi-MiyakoWhite-asm20-asm20-Xcss.gtcheck.tsv
04b_bams-asm20/MiyakoWhite-asm20.sorted.bam	MiyakoWhite-asm20.sorted.bam	PI374160	2	34498.66	2.169317738791423	1.159763	15903	13070	0.821857511161416	vcf-50k-asm20-Xcss/Wm82a6_hifi-MiyakoWhite-asm20-asm20-Xcss.gtcheck.tsv
04b_bams-asm20/MiyakoWhite-asm20.sorted.bam	MiyakoWhite-asm20.sorted.bam	PI374177	3	35012.14	2.2016059862918946	1.172104	15903	13018	0.8185876878576369	vcf-50k-asm20-Xcss/Wm82a6_hifi-MiyakoWhite-asm20-asm20-Xcss.gtcheck.tsv
04b_bams-asm20/MiyakoWhite-asm20.sorted.bam	MiyakoWhite-asm20.sorted.bam	PI285096	4	36705.23	2.308069546626423	1.169943	15903	12847	0.8078349996855939	vcf-50k-asm20-Xcss/Wm82a6_hifi-MiyakoWhite-asm20-asm20-Xcss.gtcheck.tsv
04b_bams-asm20/MiyakoWhite-asm20.sorted.bam	MiyakoWhite-asm20.sorted.bam	PI323563	5	37439.99	2.354272149908822	1.161725	15903	12773	0.8031817895994466	vcf-50k-asm20-Xcss/Wm82a6_hifi-MiyakoWhite-asm20-asm20-Xcss.gtcheck.tsv
04b_bams-asm20/MiyakoWhite-asm20.sorted.bam	MiyakoWhite-asm20.sorted.bam	PI374161	6	38111.19	2.3964780230145255	1.184198	15903	12705	0.7989058668175816	vcf-50k-asm20-Xcss/Wm82a6_hifi-MiyakoWhite-asm20-asm20-Xcss.gtcheck.tsv
04b_bams-asm20/MiyakoWhite-asm20.sorted.bam	MiyakoWhite-asm20.sorted.bam	PI374168	7	38883.48	2.4450405583852106	1.180537	15903	12627	0.7940011318619129	vcf-50k-asm20-Xcss/Wm82a6_hifi-MiyakoWhite-asm20-asm20-Xcss.gtcheck.tsv
04b_bams-asm20/MiyakoWhite-asm20.sorted.bam	MiyakoWhite-asm20.sorted.bam	PI374173	8	38952.78	2.4493982267496697	1.181428	15903	12620	0.7935609633402503	vcf-50k-asm20-Xcss/Wm82a6_hifi-MiyakoWhite-asm20-asm20-Xcss.gtcheck.tsv
04b_bams-asm20/MiyakoWhite-asm20.sorted.bam	MiyakoWhite-asm20.sorted.bam	PI374176	9	38962.68	2.4500207508017358	1.180882	15903	12619	0.7934980821228699	vcf-50k-asm20-Xcss/Wm82a6_hifi-MiyakoWhite-asm20-asm20-Xcss.gtcheck.tsv
04b_bams-asm20/MiyakoWhite-asm20.sorted.bam	MiyakoWhite-asm20.sorted.bam	PI374169	10	38972.59	2.450643903665975	1.181203	15903	12618	0.7934352009054896	vcf-50k-asm20-Xcss/Wm82a6_hifi-MiyakoWhite-asm20-asm20-Xcss.gtcheck.tsv
04b_bams-asm20/PI407020-asm20.sorted.bam	PI407020-asm20.sorted.bam	PI407020	1	28401.97	1.5153374593181455	1.83611	18743	16635	0.8875313450354799	vcf-50k-asm20-Xcss/Wm82a6_hifi-PI407020-asm20-asm20-Xcss.gtcheck.tsv
04b_bams-asm20/PI407020-asm20.sorted.bam	PI407020-asm20.sorted.bam	PI479769	2	42070.58	2.2446022515072293	1.814622	18743	15255	0.813903857440111	vcf-50k-asm20-Xcss/Wm82a6_hifi-PI407020-asm20-asm20-Xcss.gtcheck.tsv
04b_bams-asm20/PI407020-asm20.sorted.bam	PI407020-asm20.sorted.bam	PI549045A	3	42961.22	2.292120791762258	1.741421	18743	15165	0.8091020647708478	vcf-50k-asm20-Xcss/Wm82a6_hifi-PI407020-asm20-asm20-Xcss.gtcheck.tsv
04b_bams-asm20/PI407020-asm20.sorted.bam	PI407020-asm20.sorted.bam	PI522200A	4	44161.56	2.35616283412474	1.793893	18743	15044	0.8026463212932828	vcf-50k-asm20-Xcss/Wm82a6_hifi-PI407020-asm20-asm20-Xcss.gtcheck.tsv
04b_bams-asm20/PI407020-asm20.sorted.bam	PI407020-asm20.sorted.bam	PI522195	5	44316.29	2.364418182788241	1.809402	18743	15028	0.8017926692631916	vcf-50k-asm20-Xcss/Wm82a6_hifi-PI407020-asm20-asm20-Xcss.gtcheck.tsv
04b_bams-asm20/PI407020-asm20.sorted.bam	PI407020-asm20.sorted.bam	PI507630	6	44743.42	2.3872069572640453	1.78023	18743	14985	0.7994984794323214	vcf-50k-asm20-Xcss/Wm82a6_hifi-PI407020-asm20-asm20-Xcss.gtcheck.tsv
04b_bams-asm20/PI407020-asm20.sorted.bam	PI407020-asm20.sorted.bam	PI424010	7	44986.57	2.400179800458838	1.79679	18743	14960	0.7981646481353039	vcf-50k-asm20-Xcss/Wm82a6_hifi-PI407020-asm20-asm20-Xcss.gtcheck.tsv
04b_bams-asm20/PI407020-asm20.sorted.bam	PI407020-asm20.sorted.bam	PI424116	8	45019.73	2.4019489942912022	1.791618	18743	14957	0.7980045883796617	vcf-50k-asm20-Xcss/Wm82a6_hifi-PI407020-asm20-asm20-Xcss.gtcheck.tsv
04b_bams-asm20/PI407020-asm20.sorted.bam	PI407020-asm20.sorted.bam	PI407051	9	45693.7	2.437907485461239	1.753496	18743	14889	0.794376567251774	vcf-50k-asm20-Xcss/Wm82a6_hifi-PI407020-asm20-asm20-Xcss.gtcheck.tsv
04b_bams-asm20/PI407020-asm20.sorted.bam	PI407020-asm20.sorted.bam	PI424034	10	46041.16	2.4564456063597078	1.777596	18743	14854	0.7925092034359494	vcf-50k-asm20-Xcss/Wm82a6_hifi-PI407020-asm20-asm20-Xcss.gtcheck.tsv
04b_bams-asm20/PI407303-asm20.sorted.bam	PI407303-asm20.sorted.bam	PI407300	1	9457.831	0.47182993265153406	2.147042	20045	19912	0.9933649289099526	vcf-50k-asm20-Xcss/Wm82a6_hifi-PI407303-asm20-asm20-Xcss.gtcheck.tsv
04b_bams-asm20/PI407303-asm20.sorted.bam	PI407303-asm20.sorted.bam	PI407303	2	10408.34	0.5192486904464954	2.141149	20045	19816	0.9885757046645048	vcf-50k-asm20-Xcss/Wm82a6_hifi-PI407303-asm20-asm20-Xcss.gtcheck.tsv
04b_bams-asm20/PI407303-asm20.sorted.bam	PI407303-asm20.sorted.bam	PI407302	3	24735.25	1.233986031429284	2.12002	20045	18369	0.9163881267148914	vcf-50k-asm20-Xcss/Wm82a6_hifi-PI407303-asm20-asm20-Xcss.gtcheck.tsv
04b_bams-asm20/PI407303-asm20.sorted.bam	PI407303-asm20.sorted.bam	PI407301	4	25161.0	1.2552257420803192	2.103838	20045	18326	0.9142429533549513	vcf-50k-asm20-Xcss/Wm82a6_hifi-PI407303-asm20-asm20-Xcss.gtcheck.tsv
04b_bams-asm20/PI407303-asm20.sorted.bam	PI407303-asm20.sorted.bam	PI479769	5	45202.24	2.255038164130706	1.97291	20045	16302	0.8132701421800947	vcf-50k-asm20-Xcss/Wm82a6_hifi-PI407303-asm20-asm20-Xcss.gtcheck.tsv
04b_bams-asm20/PI407303-asm20.sorted.bam	PI407303-asm20.sorted.bam	PI464929A	6	45795.62	2.284640558742829	2.024424	20045	16242	0.8102768770266899	vcf-50k-asm20-Xcss/Wm82a6_hifi-PI407303-asm20-asm20-Xcss.gtcheck.tsv
04b_bams-asm20/PI407303-asm20.sorted.bam	PI407303-asm20.sorted.bam	PI464925C	7	46439.19	2.3167468196557746	2.038712	20045	16177	0.8070341731105014	vcf-50k-asm20-Xcss/Wm82a6_hifi-PI407303-asm20-asm20-Xcss.gtcheck.tsv
04b_bams-asm20/PI407303-asm20.sorted.bam	PI407303-asm20.sorted.bam	PI342618A	8	46864.94	2.33798653030681	2.006048	20045	16134	0.8048889997505613	vcf-50k-asm20-Xcss/Wm82a6_hifi-PI407303-asm20-asm20-Xcss.gtcheck.tsv
04b_bams-asm20/PI407303-asm20.sorted.bam	PI407303-asm20.sorted.bam	PI458539A	9	47438.51	2.3666006485407833	1.988486	20045	16076	0.8019955101022699	vcf-50k-asm20-Xcss/Wm82a6_hifi-PI407303-asm20-asm20-Xcss.gtcheck.tsv
04b_bams-asm20/PI407303-asm20.sorted.bam	PI407303-asm20.sorted.bam	PI522195	10	47558.02	2.3725627338488398	1.984648	20045	16064	0.8013968570715889	vcf-50k-asm20-Xcss/Wm82a6_hifi-PI407303-asm20-asm20-Xcss.gtcheck.tsv
04b_bams-asm20/PI507847-asm20.sorted.bam	PI507847-asm20.sorted.bam	PI507847	1	13117.55	0.635632601637835	2.162394	20637	20158	0.9767892620051364	vcf-50k-asm20-Xcss/Wm82a6_hifi-PI507847-asm20-asm20-Xcss.gtcheck.tsv
04b_bams-asm20/PI507847-asm20.sorted.bam	PI507847-asm20.sorted.bam	PI603146	2	25761.28	1.2483054707564083	2.125022	20637	18881	0.9149101129040074	vcf-50k-asm20-Xcss/Wm82a6_hifi-PI507847-asm20-asm20-Xcss.gtcheck.tsv
04b_bams-asm20/PI507847-asm20.sorted.bam	PI507847-asm20.sorted.bam	PI522195	3	32701.96	1.5846276106023163	2.074326	20637	18180	0.8809419973833406	vcf-50k-asm20-Xcss/Wm82a6_hifi-PI507847-asm20-asm20-Xcss.gtcheck.tsv
04b_bams-asm20/PI507847-asm20.sorted.bam	PI507847-asm20.sorted.bam	PI522206	4	37177.26	1.8014856810582935	2.073375	20637	17728	0.8590395890875612	vcf-50k-asm20-Xcss/Wm82a6_hifi-PI507847-asm20-asm20-Xcss.gtcheck.tsv
04b_bams-asm20/PI507847-asm20.sorted.bam	PI507847-asm20.sorted.bam	PI522230A	5	37206.97	1.8029253282938411	2.100515	20637	17725	0.8588942191209963	vcf-50k-asm20-Xcss/Wm82a6_hifi-PI507847-asm20-asm20-Xcss.gtcheck.tsv
04b_bams-asm20/PI507847-asm20.sorted.bam	PI507847-asm20.sorted.bam	PI522210	6	39098.77	1.8945956292096717	2.050509	20637	17534	0.8496389979163638	vcf-50k-asm20-Xcss/Wm82a6_hifi-PI507847-asm20-asm20-Xcss.gtcheck.tsv
04b_bams-asm20/PI507847-asm20.sorted.bam	PI507847-asm20.sorted.bam	PI447003B	7	40424.83	1.9588520618306926	2.053713	20637	17400	0.8431458060764646	vcf-50k-asm20-Xcss/Wm82a6_hifi-PI507847-asm20-asm20-Xcss.gtcheck.tsv
04b_bams-asm20/PI507847-asm20.sorted.bam	PI507847-asm20.sorted.bam	PI578346C	8	40523.84	1.9636497552938894	2.05418	20637	17390	0.8426612395212483	vcf-50k-asm20-Xcss/Wm82a6_hifi-PI507847-asm20-asm20-Xcss.gtcheck.tsv
04b_bams-asm20/PI507847-asm20.sorted.bam	PI507847-asm20.sorted.bam	PI578341	9	40612.95	1.9679677278674224	2.051777	20637	17381	0.8422251296215535	vcf-50k-asm20-Xcss/Wm82a6_hifi-PI507847-asm20-asm20-Xcss.gtcheck.tsv
04b_bams-asm20/PI507847-asm20.sorted.bam	PI507847-asm20.sorted.bam	PI522209B	10	40969.39	1.9852396181615544	2.046542	20637	17345	0.8404806900227746	vcf-50k-asm20-Xcss/Wm82a6_hifi-PI507847-asm20-asm20-Xcss.gtcheck.tsv
04b_bams-asm20/Pekingv3-asm20.sorted.bam	Pekingv3-asm20.sorted.bam	PI548402	1	9041.465	0.4653592567811004	2.000511	19429	19312	0.9939780740130733	vcf-50k-asm20-Xcss/Wm82a6_hifi-Pekingv3-asm20-asm20-Xcss.gtcheck.tsv
04b_bams-asm20/Pekingv3-asm20.sorted.bam	Pekingv3-asm20.sorted.bam	Peking	2	9051.366	0.46586885583406246	2.000484	19429	19311	0.9939266045601935	vcf-50k-asm20-Xcss/Wm82a6_hifi-Pekingv3-asm20-asm20-Xcss.gtcheck.tsv
04b_bams-asm20/Pekingv3-asm20.sorted.bam	Pekingv3-asm20.sorted.bam	PI84751	3	9536.521	0.4908395182459211	1.997097	19429	19262	0.9914046013690875	vcf-50k-asm20-Xcss/Wm82a6_hifi-Pekingv3-asm20-asm20-Xcss.gtcheck.tsv
04b_bams-asm20/Pekingv3-asm20.sorted.bam	Pekingv3-asm20.sorted.bam	PI339868B	4	9774.147	0.5030699984559165	1.994728	19429	19238	0.9901693344999742	vcf-50k-asm20-Xcss/Wm82a6_hifi-Pekingv3-asm20-asm20-Xcss.gtcheck.tsv
04b_bams-asm20/Pekingv3-asm20.sorted.bam	Pekingv3-asm20.sorted.bam	PI548402S	5	11091.0	0.570847701888929	1.987128	19429	19105	0.983323897266972	vcf-50k-asm20-Xcss/Wm82a6_hifi-Pekingv3-asm20-asm20-Xcss.gtcheck.tsv
04b_bams-asm20/Pekingv3-asm20.sorted.bam	Pekingv3-asm20.sorted.bam	PI556949	6	14091.03	0.725257604611663	1.979783	19429	18802	0.9677286530444181	vcf-50k-asm20-Xcss/Wm82a6_hifi-Pekingv3-asm20-asm20-Xcss.gtcheck.tsv
04b_bams-asm20/Pekingv3-asm20.sorted.bam	Pekingv3-asm20.sorted.bam	PI438497	7	24636.41	1.2680225436203614	1.935601	19429	17737	0.9129136857275207	vcf-50k-asm20-Xcss/Wm82a6_hifi-Pekingv3-asm20-asm20-Xcss.gtcheck.tsv
04b_bams-asm20/Pekingv3-asm20.sorted.bam	Pekingv3-asm20.sorted.bam	PI404167	8	24873.81	1.2802413917340059	1.931686	19429	17713	0.9116784188584075	vcf-50k-asm20-Xcss/Wm82a6_hifi-Pekingv3-asm20-asm20-Xcss.gtcheck.tsv
04b_bams-asm20/Pekingv3-asm20.sorted.bam	Pekingv3-asm20.sorted.bam	PI404166	9	24893.61	1.2812604869010242	1.931728	19429	17711	0.9115754799526481	vcf-50k-asm20-Xcss/Wm82a6_hifi-Pekingv3-asm20-asm20-Xcss.gtcheck.tsv
04b_bams-asm20/Pekingv3-asm20.sorted.bam	Pekingv3-asm20.sorted.bam	PI548205	10	28378.8	1.4606413093828812	1.943152	19429	17359	0.8934582325389882	vcf-50k-asm20-Xcss/Wm82a6_hifi-Pekingv3-asm20-asm20-Xcss.gtcheck.tsv
04b_bams-asm20/Wm82a6-asm20.sorted.bam	Wm82a6-asm20.sorted.bam	PI86046	1	0.0		0.0	0	0		vcf-50k-asm20-Xcss/Wm82a6_hifi-Wm82a6-asm20-asm20-Xcss.gtcheck.tsv
04b_bams-asm20/Wm82a6-asm20.sorted.bam	Wm82a6-asm20.sorted.bam	PI90208	2	0.0		0.0	0	0		vcf-50k-asm20-Xcss/Wm82a6_hifi-Wm82a6-asm20-asm20-Xcss.gtcheck.tsv
04b_bams-asm20/Wm82a6-asm20.sorted.bam	Wm82a6-asm20.sorted.bam	PI219698	3	0.0		0.0	0	0		vcf-50k-asm20-Xcss/Wm82a6_hifi-Wm82a6-asm20-asm20-Xcss.gtcheck.tsv
04b_bams-asm20/Wm82a6-asm20.sorted.bam	Wm82a6-asm20.sorted.bam	PI253651A	4	0.0		0.0	0	0		vcf-50k-asm20-Xcss/Wm82a6_hifi-Wm82a6-asm20-asm20-Xcss.gtcheck.tsv
04b_bams-asm20/Wm82a6-asm20.sorted.bam	Wm82a6-asm20.sorted.bam	PI347550A	5	0.0		0.0	0	0		vcf-50k-asm20-Xcss/Wm82a6_hifi-Wm82a6-asm20-asm20-Xcss.gtcheck.tsv
04b_bams-asm20/Wm82a6-asm20.sorted.bam	Wm82a6-asm20.sorted.bam	PI398807	6	0.0		0.0	0	0		vcf-50k-asm20-Xcss/Wm82a6_hifi-Wm82a6-asm20-asm20-Xcss.gtcheck.tsv
04b_bams-asm20/Wm82a6-asm20.sorted.bam	Wm82a6-asm20.sorted.bam	PI408055A	7	0.0		0.0	0	0		vcf-50k-asm20-Xcss/Wm82a6_hifi-Wm82a6-asm20-asm20-Xcss.gtcheck.tsv
04b_bams-asm20/Wm82a6-asm20.sorted.bam	Wm82a6-asm20.sorted.bam	PI408069	8	0.0		0.0	0	0		vcf-50k-asm20-Xcss/Wm82a6_hifi-Wm82a6-asm20-asm20-Xcss.gtcheck.tsv
04b_bams-asm20/Wm82a6-asm20.sorted.bam	Wm82a6-asm20.sorted.bam	PI408169A	9	0.0		0.0	0	0		vcf-50k-asm20-Xcss/Wm82a6_hifi-Wm82a6-asm20-asm20-Xcss.gtcheck.tsv
04b_bams-asm20/Wm82a6-asm20.sorted.bam	Wm82a6-asm20.sorted.bam	PI408169B	10	0.0		0.0	0	0		vcf-50k-asm20-Xcss/Wm82a6_hifi-Wm82a6-asm20-asm20-Xcss.gtcheck.tsv
04b_bams-asm20/Wm82v4-asm20.sorted.bam	Wm82v4-asm20.sorted.bam	PI639550D	1	28.66796	4.095422857142857	1.832213	7	4	0.5714285714285714	vcf-50k-asm20-Xcss/Wm82a6_hifi-Wm82v4-asm20-asm20-Xcss.gtcheck.tsv
04b_bams-asm20/Wm82v4-asm20.sorted.bam	Wm82v4-asm20.sorted.bam	PI597452C	2	28.66796	4.095422857142857	1.747472	7	4	0.5714285714285714	vcf-50k-asm20-Xcss/Wm82a6_hifi-Wm82v4-asm20-asm20-Xcss.gtcheck.tsv
04b_bams-asm20/Wm82v4-asm20.sorted.bam	Wm82v4-asm20.sorted.bam	PI653904A	3	28.66796	4.095422857142857	1.747472	7	4	0.5714285714285714	vcf-50k-asm20-Xcss/Wm82a6_hifi-Wm82v4-asm20-asm20-Xcss.gtcheck.tsv
04b_bams-asm20/Wm82v4-asm20.sorted.bam	Wm82v4-asm20.sorted.bam	PI653916B	4	29.35874	4.1941057142857145	0.9404917	7	4	0.5714285714285714	vcf-50k-asm20-Xcss/Wm82a6_hifi-Wm82v4-asm20-asm20-Xcss.gtcheck.tsv
04b_bams-asm20/Wm82v4-asm20.sorted.bam	Wm82v4-asm20.sorted.bam	PI562564	5	29.35874	4.1941057142857145	0.6205034	7	4	0.5714285714285714	vcf-50k-asm20-Xcss/Wm82a6_hifi-Wm82v4-asm20-asm20-Xcss.gtcheck.tsv
04b_bams-asm20/Wm82v4-asm20.sorted.bam	Wm82v4-asm20.sorted.bam	PI567264A	6	29.35874	4.1941057142857145	0.5953871	7	3	0.42857142857142855	vcf-50k-asm20-Xcss/Wm82a6_hifi-Wm82v4-asm20-asm20-Xcss.gtcheck.tsv
04b_bams-asm20/Wm82v4-asm20.sorted.bam	Wm82v4-asm20.sorted.bam	PI189900	7	30.74029	4.39147	0.9129286	7	3	0.42857142857142855	vcf-50k-asm20-Xcss/Wm82a6_hifi-Wm82v4-asm20-asm20-Xcss.gtcheck.tsv
04b_bams-asm20/Wm82v4-asm20.sorted.bam	Wm82v4-asm20.sorted.bam	PI574482	8	28.66788	4.77798	2.098011	6	3	0.5	vcf-50k-asm20-Xcss/Wm82a6_hifi-Wm82v4-asm20-asm20-Xcss.gtcheck.tsv
04b_bams-asm20/Wm82v4-asm20.sorted.bam	Wm82v4-asm20.sorted.bam	PI574485	9	28.66788	4.77798	2.098011	6	3	0.5	vcf-50k-asm20-Xcss/Wm82a6_hifi-Wm82v4-asm20-asm20-Xcss.gtcheck.tsv
04b_bams-asm20/Wm82v4-asm20.sorted.bam	Wm82v4-asm20.sorted.bam	PI653917	10	29.35866	4.89311	0.482399	6	3	0.5	vcf-50k-asm20-Xcss/Wm82a6_hifi-Wm82v4-asm20-asm20-Xcss.gtcheck.tsv
